{
    "faithfulness": 0.9375,
    "relevancy": 0.849836232636677,
    "precision": 0.9999999999333333,
    "total_tests": 2,
    "last_run": "2026-05-07 14:14"
}